{
  "project_info": {
    "project_number": "898773608144",
    "firebase_url": "https://sports-partner-185023.firebaseio.com",
    "project_id": "sports-partner-185023",
    "storage_bucket": "sports-partner-185023.appspot.com"
  },
  "client": [
    {
      "client_info": {
        "mobilesdk_app_id": "1:898773608144:android:10d49e40eb91c2b1",
        "android_client_info": {
          "package_name": "com.sportspartner"
        }
      },
      "oauth_client": [
        {
          "client_id": "898773608144-fia6qhi1gfsmicjg9tlhv4vd5kbv5hm1.apps.googleusercontent.com",
          "client_type": 3
        }
      ],
      "api_key": [
        {
          "current_key": "AIzaSyB-af70doIVxz8Mxti8SfNswBLr1fwFpVw"
        }
      ],
      "services": {
        "analytics_service": {
          "status": 1
        },
        "appinvite_service": {
          "status": 1,
          "other_platform_oauth_client": []
        },
        "ads_service": {
          "status": 2
        }
      }
    }
  ],
  "configuration_version": "1"
}